group1	group2	metric	group1_mean	group2_mean	delta_group1_minus_groups2	p	p_adjust	significant
granular_unmatched	granular_similar	enrichment	4.95860744232221	7.04707197422864	-2.08846453190644	1.46315492637686e-41	4.38946477913059e-41	TRUE
granular_unmatched	granular_any_exact	enrichment	4.95860744232221	7.6509385226237	-2.69233108030149	8.16956952444719e-24	2.45087085733416e-23	TRUE
granular_any_exact	granular_similar	enrichment	7.6509385226237	7.04707197422864	0.603866548395057	0.0108052707405815	0.0324158122217445	TRUE
