Biosample	threshold	GTExTissue	nVariantGenePairsOverlappingEnhancers	nVariantsOverlappingEnhancersCorrectGene	total.variants	recall.total	recall.linking	correctGene.ifOverlap	method	enrichment	CI_enr_low	CI_enr_high	SE_log_enr	p_adjust_enr	pred_name_long	hex	key	recall.linking.rounded	plotting_label
PBMC5_NK	0.632601299821915	NK	80	70	701	0.114122681883024	0.0998573466476462	0.875	scE2G_multiome	38.3088059788955	31.0406946906956	47.278729749839	0.10733907203114	4.95478913871512e-90	scE2G (Multiome)	#792374	scE2G (Multiome) (PBMC5_NK)	0.1	scE2G (Multiome) (PBMC5_NK) (0.1)
PBMC5_NK	0.728565957925279	NK	87	72	701	0.124108416547789	0.102710413694722	0.827586206896552	scE2G_ATAC	34.790825703461	28.4383892881095	42.5622401067099	0.102866050861928	6.89953893294283e-94	scE2G (scATAC)	#006479	scE2G (scATAC) (PBMC5_NK)	0.103	scE2G (scATAC) (PBMC5_NK) (0.103)
PBMC5_NK	0.0989255166666667	NK	77	68	701	0.109843081312411	0.0970042796005706	0.883116883116883	scABC	33.6050679251836	27.1003721474615	41.6710362540901	0.109761928397071	3.07821128646026e-82	ABC (A=scATAC, C=power law)	#0096a0	ABC (A=scATAC, C=power law) (PBMC5_NK)	0.097	ABC (A=scATAC, C=power law) (PBMC5_NK) (0.097)
PBMC5_NK	0.11456580244898	NK	90	72	701	0.128388017118402	0.102710413694722	0.8	STARE	30.8344843295173	25.273273740252	37.6194011760729	0.101474426496645	7.44530905246116e-92	STARE (gABC, power law)	#96ced3	STARE (gABC, power law) (PBMC5_NK)	0.103	STARE (gABC, power law) (PBMC5_NK) (0.103)
PBMC5_NK	-7664.63265306123	NK	81	72	701	0.115549215406562	0.102710413694722	0.888888888888889	ABC_distanceToTSS	24.2793023843669	19.703476353093	29.9177928659778	0.106547441950845	4.66963702926484e-76	In element (ABC) & distance to TSS	#96a0b3	In element (ABC) & distance to TSS (PBMC5_NK)	0.103	In element (ABC) & distance to TSS (PBMC5_NK) (0.103)
