Biosample	threshold	GTExTissue	nVariantGenePairsOverlappingEnhancers	nVariantsOverlappingEnhancersCorrectGene	total.variants	recall.total	recall.linking	correctGene.ifOverlap	method	enrichment	CI_enr_low	CI_enr_high	SE_log_enr	p_adjust_enr	pred_name_long	hex	key	recall.linking.rounded	plotting_label
all_matches	0.387723377310206	all_matches	3694	2944	29674	0.124486082092067	0.0992114308822538	0.796968056307526	scE2G_multiome	18.8786517415318	18.2963206010024	19.479517185467	0.0159858889458274	0	scE2G (Multiome)	#792374	scE2G (Multiome) (all_matches)	0.099	scE2G (Multiome) (all_matches) (0.099)
all_matches	0.0415146	all_matches	3687	3019	29674	0.124250185347442	0.101738896003235	0.81882289123949	scABC	17.3096153085872	16.7753382837333	17.8609084993425	0.015996363676526	0	ABC (A=scATAC, C=power law)	#0096a0	ABC (A=scATAC, C=power law) (all_matches)	0.102	ABC (A=scATAC, C=power law) (all_matches) (0.102)
all_matches	0.509505411063521	all_matches	3817	2989	29674	0.128631124890477	0.100727909954843	0.783075713911449	scE2G_ATAC	16.9087779620424	16.3965050703517	17.4370556983287	0.0156965570344587	0	scE2G (scATAC)	#006479	scE2G (scATAC) (all_matches)	0.101	scE2G (scATAC) (all_matches) (0.101)
all_matches	-10704.4285714286	all_matches	3646	2905	29674	0.122868504414639	0.0978971490193435	0.796763576522216	ABC_distanceToTSS	14.2916563295755	13.8500330930926	14.7473611990544	0.016014718508526	0	In element (ABC) & distance to TSS	#96a0b3	In element (ABC) & distance to TSS (all_matches)	0.098	In element (ABC) & distance to TSS (all_matches) (0.098)
all_matches	0.0612044089157498	all_matches	3839	2975	29674	0.129372514659298	0.100256116465593	0.774941390987236	STARE	14.2793097440105	13.847796855524	14.7242690582983	0.0156561398853582	0	STARE (gABC, power law)	#96ced3	STARE (gABC, power law) (all_matches)	0.1	STARE (gABC, power law) (all_matches) (0.1)
all_matches	0.266426467121579	all_matches	699	586	5886	0.118756371049949	0.0995582738702005	0.838340486409156	DNase_ENCODE_rE2G	13.8728604171521	12.9134559118164	14.9035438280839	0.0365642340754531	0	ENCODE-rE2G (A=DNase, C=average Hi-C)	#DC6464	ENCODE-rE2G (A=DNase, C=average Hi-C) (all_matches)	0.1	ENCODE-rE2G (A=DNase, C=average Hi-C) (all_matches) (0.1)
