Biosample	threshold	GTExTissue	nVariantGenePairsOverlappingEnhancers	nVariantsOverlappingEnhancersCorrectGene	total.variants	recall.total	recall.linking	correctGene.ifOverlap	method	enrichment	CI_enr_low	CI_enr_high	SE_log_enr	p_adjust_enr	pred_name_long	hex	key	recall.linking.rounded	plotting_label
PBMC5_NK	0.815504356901638	NK	58	51	701	0.0827389443651926	0.072753209700428	0.879310344827586	scE2G_multiome	38.470410503818	29.8576828858752	49.567559880288	0.129312170848789	1.313442723731e-63	scE2G (Multiome)	#792374	scE2G (Multiome) (PBMC5_NK)	0.073	scE2G (Multiome) (PBMC5_NK) (0.073)
PBMC5_NK	0.855787198973527	NK	58	53	701	0.0827389443651926	0.0756062767475036	0.913793103448276	scE2G_ATAC	31.7976314759233	24.7403647266149	40.8680057327905	0.128040973130853	3.25287693323158e-60	scE2G (scATAC)	#006479	scE2G (scATAC) (PBMC5_NK)	0.076	scE2G (scATAC) (PBMC5_NK) (0.076)
PBMC5_NK	-3000.71428571429	NK	61	52	701	0.087018544935806	0.0741797432239658	0.852459016393443	ABC_distanceToTSS	30.7215071001962	24.017240349106	39.2972291898863	0.125609984637569	1.33739294542886e-61	In element (ABC) & distance to TSS	#96a0b3	In element (ABC) & distance to TSS (PBMC5_NK)	0.074	In element (ABC) & distance to TSS (PBMC5_NK) (0.074)
PBMC5_NK	0.142891428571429	NK	57	51	701	0.0813124108416548	0.072753209700428	0.894736842105263	scABC	30.0929965450487	23.3562840394924	38.7727962003322	0.129301559673905	8.47739770861572e-58	ABC (A=scATAC, C=power law)	#0096a0	ABC (A=scATAC, C=power law) (PBMC5_NK)	0.073	ABC (A=scATAC, C=power law) (PBMC5_NK) (0.073)
PBMC5_NK	-1	NK	131	51	701	0.186875891583452	0.072753209700428	0.389312977099237	SCENT	28.0168824612636	23.8944878929374	32.8504928151346	0.0812053050639235	3.10717808195631e-131	SCENT (FDR)	#a5a083	SCENT (FDR) (PBMC5_NK)	0.073	SCENT (FDR) (PBMC5_NK) (0.073)
PBMC5_NK	0.14371114	NK	69	53	701	0.0984308131241084	0.0756062767475036	0.768115942028986	STARE	27.1488914841593	21.5861140833539	34.1452058472646	0.116984789817979	5.41489832683787e-67	STARE (gABC, power law)	#96ced3	STARE (gABC, power law) (PBMC5_NK)	0.076	STARE (gABC, power law) (PBMC5_NK) (0.076)
