Biosample	threshold	GTExTissue	nVariantGenePairsOverlappingEnhancers	nVariantsOverlappingEnhancersCorrectGene	total.variants	recall.total	recall.linking	correctGene.ifOverlap	method	enrichment	CI_enr_low	CI_enr_high	SE_log_enr	p_adjust_enr	pred_name_long	hex	key	recall.linking.rounded	plotting_label
PBMC5_NK	-5.60974522506481e-14	NK	14	7	701	0.0199714693295292	0.00998573466476462	0.5	SnapATAC	84.189790920752	48.0069110305212	147.643760932122	0.286601534522884	8.70865574158063e-17	SnapATAC (p-value)	#5e5948	SnapATAC (p-value) (PBMC5_NK)	0.01	SnapATAC (p-value) (PBMC5_NK) (0.01)
PBMC5_NK	0.0381247448930956	NK	11	7	701	0.0156918687589158	0.00998573466476462	0.636363636363636	ScenicPlus	65.2141515234195	34.0459215111684	124.916153540576	0.331621525905304	3.85020312158858e-11	SCENIC+ (importance)	#c5c1a5	SCENIC+ (importance) (PBMC5_NK)	0.01	SCENIC+ (importance) (PBMC5_NK) (0.01)
PBMC5_NK	0.836457436333174	NK	8	7	701	0.0114122681883024	0.00998573466476462	0.875	STARE	17.6859502257671	8.8783104047567	35.2311218157824	0.351618339974671	9.28833854125972e-05	STARE (gABC, power law)	#96ced3	STARE (gABC, power law) (PBMC5_NK)	0.01	STARE (gABC, power law) (PBMC5_NK) (0.01)
