group1	group2	metric	group1_mean	group2_mean	delta_group1_minus_groups2	p	p_adjust	significant
Different dataset	Same cell type, different dataset	jaccard	0.272576196400866	0.412917337944305	-0.140341141543439	1.5412576126229e-14	9.24754567573738e-14	TRUE
Same cell type, different dataset	Same dataset	jaccard	0.412917337944305	0.280809889712236	0.132107448232069	1.89590854139156e-13	1.13754512483494e-12	TRUE
Different dataset	Same cell type, same dataset	jaccard	0.272576196400866	0.362157869506793	-0.0895816731059271	7.67293556765873e-07	4.60376134059524e-06	TRUE
Same cell type, same dataset	Same dataset	jaccard	0.362157869506793	0.280809889712236	0.0813479797945576	3.98402057995142e-06	2.39041234797085e-05	TRUE
Same cell type, different dataset	Same cell type, same dataset	jaccard	0.412917337944305	0.362157869506793	0.0507594684375117	0.0075001329241283	0.0450007975447698	TRUE
Different dataset	Same dataset	jaccard	0.272576196400866	0.280809889712236	-0.00823369331136953	0.272095686756165	1	FALSE
