group1	group2	metric	group1_mean	group2_mean	delta_group1_minus_groups2	p	p_adjust	significant
Different dataset	Same cell type, different dataset	jaccard	0.261566273881831	0.400608580652372	-0.139042306770542	1.98559199598102e-14	1.19135519758861e-13	TRUE
Same cell type, different dataset	Same dataset	jaccard	0.400608580652372	0.269943733281038	0.130664847371334	2.49325339418225e-13	1.49595203650935e-12	TRUE
Different dataset	Same cell type, same dataset	jaccard	0.261566273881831	0.349827815355299	-0.0882615414734678	8.49053733917954e-07	5.09432240350773e-06	TRUE
Same cell type, same dataset	Same dataset	jaccard	0.349827815355299	0.269943733281038	0.0798840820742603	4.62066572937911e-06	2.77239943762747e-05	TRUE
Same cell type, different dataset	Same cell type, same dataset	jaccard	0.400608580652372	0.349827815355299	0.0507807652970739	0.00707925190669083	0.042475511440145	TRUE
Different dataset	Same dataset	jaccard	0.261566273881831	0.269943733281038	-0.00837745939920742	0.259007477781509	1	FALSE
