group1	group2	metric	group1_mean	group2_mean	delta_group1_minus_groups2	p	p_adjust	significant
Different dataset	Same cell type, different dataset	Pearson	0.285190712169312	0.457361992857143	-0.172171280687831	3.70427693555979e-14	2.22256616133588e-13	TRUE
Same cell type, different dataset	Same dataset	Pearson	0.457361992857143	0.303715356747968	0.153646636109175	1.67011344271149e-12	1.00206806562689e-11	TRUE
Different dataset	Same cell type, same dataset	Pearson	0.285190712169312	0.408259952631579	-0.123069240462267	3.02824468290051e-07	1.8169468097403e-06	TRUE
Same cell type, same dataset	Same dataset	Pearson	0.408259952631579	0.303715356747968	0.104544595883611	6.10524319842873e-06	3.66314591905724e-05	TRUE
Same cell type, different dataset	Same cell type, same dataset	Pearson	0.457361992857143	0.408259952631579	0.0491020402255639	0.0433943131963436	0.260365879178061	FALSE
Different dataset	Same dataset	Pearson	0.285190712169312	0.303715356747968	-0.0185246445786553	0.0648581464658823	0.389148878795294	FALSE
