group1	group2	metric	group1_mean	group2_mean	delta_group1_minus_groups2	p	p_adjust	significant
Different dataset	Same cell type, different dataset	Pearson	0.303517325396825	0.476066475	-0.172549149603175	1.8714002630139e-14	1.12284015780834e-13	TRUE
Same cell type, different dataset	Same dataset	Pearson	0.476066475	0.32102015695122	0.15504631804878	7.53536631356918e-13	4.52121978814151e-12	TRUE
Different dataset	Same cell type, same dataset	Pearson	0.303517325396825	0.425381555263158	-0.121864229866333	3.15555559418885e-07	1.89333335651331e-06	TRUE
Same cell type, same dataset	Same dataset	Pearson	0.425381555263158	0.32102015695122	0.104361398311938	5.4803469613904e-06	3.28820817683424e-05	TRUE
Same cell type, different dataset	Same cell type, same dataset	Pearson	0.476066475	0.425381555263158	0.0506849197368421	0.0352792362426502	0.211675417455901	FALSE
Different dataset	Same dataset	Pearson	0.303517325396825	0.32102015695122	-0.0175028315543941	0.0807233364462144	0.484340018677286	FALSE
