Biosample	threshold	GTExTissue	nVariantGenePairsOverlappingEnhancers	nVariantsOverlappingEnhancersCorrectGene	total.variants	recall.total	recall.linking	correctGene.ifOverlap	method	enrichment	CI_enr_low	CI_enr_high	SE_log_enr	p_adjust_enr	pred_name_long	hex	key	recall.linking.rounded	plotting_label
PBMC_17_B	-88.5	B_memory	2	2	64	0.03125	0.03125	1	ABC_distanceToTSS	65.1951518070355	16.6638950235712	255.06688641102	0.696002943827059	0.982902753673378	In element (ABC) & distance to TSS	#96a0b3	In element (ABC) & distance to TSS (PBMC_17_B)	0.031	In element (ABC) & distance to TSS (PBMC_17_B) (0.031)
PBMC_17_B	0.711620544489796	B_memory	2	2	64	0.03125	0.03125	1	STARE	29.2150118474356	7.46906549965379	114.273588481098	0.69588665986692	1	STARE (gABC, power law)	#96ced3	STARE (gABC, power law) (PBMC_17_B)	0.031	STARE (gABC, power law) (PBMC_17_B) (0.031)
PBMC_17_B	0.816176178164842	B_memory	3	2	64	0.046875	0.03125	0.666666666666667	scE2G_multiome	21.0077529404918	6.96215075852343	63.389274222258	0.563481330424776	1	scE2G (Multiome)	#792374	scE2G (Multiome) (PBMC_17_B)	0.031	scE2G (Multiome) (PBMC_17_B) (0.031)
PBMC_17_B	-0.821079000159326	B_memory	10	2	64	0.15625	0.03125	0.2	SCENT	20.6024126946548	11.2517241315611	37.7239438043336	0.30862139394486	1.70053809888017e-06	SCENT (FDR)	#a5a083	SCENT (FDR) (PBMC_17_B)	0.031	SCENT (FDR) (PBMC_17_B) (0.031)
PBMC_17_B	0.812394755459955	B_memory	3	2	64	0.046875	0.03125	0.666666666666667	scE2G_ATAC	14.8429526276595	4.91921075506123	44.7862987940232	0.563468047775057	1	scE2G (scATAC)	#006479	scE2G (scATAC) (PBMC_17_B)	0.031	scE2G (scATAC) (PBMC_17_B) (0.031)
