Biosample	threshold	GTExTissue	nVariantGenePairsOverlappingEnhancers	nVariantsOverlappingEnhancersCorrectGene	total.variants	recall.total	recall.linking	correctGene.ifOverlap	method	enrichment	CI_enr_low	CI_enr_high	SE_log_enr	p_adjust_enr	pred_name_long	hex	key	recall.linking.rounded	plotting_label
all_matches	0.428492493536542	all_matches	8142	6675	67287	0.121004057247314	0.0992019260778456	0.819823139277819	scE2G_multiome	22.5142491461033	22.0462188131087	22.9922155318269	0.0107182068253185	0	scE2G (Multiome)	#792374	scE2G (Multiome) (all_matches)	0.099	scE2G (Multiome) (all_matches) (0.099)
all_matches	0.049867	all_matches	8203	6825	67287	0.121910621665403	0.10143118284364	0.832012678288431	scABC	20.8800520346544	20.4471966654458	21.3220707025645	0.0106881884258328	0	ABC (A=scATAC, C=power law)	#0096a0	ABC (A=scATAC, C=power law) (all_matches)	0.101	ABC (A=scATAC, C=power law) (all_matches) (0.101)
all_matches	0.570653132872	all_matches	8264	6723	67287	0.122817186083493	0.0999152882428998	0.813528557599226	scE2G_ATAC	20.6147126588845	20.1893690649511	21.0490172645424	0.0106373616147198	0	scE2G (scATAC)	#006479	scE2G (scATAC) (all_matches)	0.1	scE2G (scATAC) (all_matches) (0.1)
all_matches	0.0816058147860745	all_matches	3311	2603	26233	0.126215072618458	0.0992261655167156	0.786167321051042	STARE	20.2841885254763	19.6258861798181	20.9645720130675	0.0168331021060284	0	STARE (gABC, power law)	#96ced3	STARE (gABC, power law) (all_matches)	0.099	STARE (gABC, power law) (all_matches) (0.099)
all_matches	-9383.5	all_matches	8114	6676	67287	0.120587929317699	0.0992167877896176	0.822775449839783	ABC_distanceToTSS	17.515546299124	17.151058776176	17.8877797668628	0.0107292474558709	0	In element (ABC) & distance to TSS	#96a0b3	In element (ABC) & distance to TSS (all_matches)	0.099	In element (ABC) & distance to TSS (all_matches) (0.099)
