Biosample	threshold	GTExTissue	nVariantGenePairsOverlappingEnhancers	nVariantsOverlappingEnhancersCorrectGene	total.variants	recall.total	recall.linking	correctGene.ifOverlap	method	enrichment	CI_enr_low	CI_enr_high	SE_log_enr	p_adjust_enr	pred_name_long	hex	key	recall.linking.rounded	plotting_label
all_matches	0.892624215623393	all_matches	3944	3304	67287	0.0586145912286177	0.0491030956945621	0.837728194726166	scE2G_multiome	26.6301499010024	25.82149772089	27.4641266519615	0.0157332681178427	0	scE2G (Multiome)	#792374	scE2G (Multiome) (all_matches)	0.049	scE2G (Multiome) (all_matches) (0.049)
all_matches	-974.959183673475	all_matches	3851	3338	67287	0.0572324520338253	0.0496083938948088	0.866787847312386	ABC_distanceToTSS	23.6867312239818	22.9602403056105	24.4362092299208	0.0158936541531436	0	In element (ABC) & distance to TSS	#96a0b3	In element (ABC) & distance to TSS (all_matches)	0.05	In element (ABC) & distance to TSS (all_matches) (0.05)
all_matches	0.935934513764883	all_matches	3954	3338	67287	0.0587632083463373	0.0496083938948088	0.844208396560445	scE2G_ATAC	23.4936505444795	22.7804412446303	24.2291889774622	0.0157287927899167	0	scE2G (scATAC)	#006479	scE2G (scATAC) (all_matches)	0.05	scE2G (scATAC) (all_matches) (0.05)
all_matches	0.326557551020408	all_matches	3867	3375	67287	0.0574702394221766	0.0501582772303714	0.872769588828549	scABC	23.0663039953687	22.3603241793428	23.7945736269015	0.0158598346548543	0	ABC (A=scATAC, C=power law)	#0096a0	ABC (A=scATAC, C=power law) (all_matches)	0.05	ABC (A=scATAC, C=power law) (all_matches) (0.05)
all_matches	0.285619767055836	all_matches	1628	1326	26233	0.0620592383638928	0.050547020927839	0.814496314496315	STARE	22.3692789502672	21.3116323019325	23.4794141371093	0.024712444395005	0	STARE (gABC, power law)	#96ced3	STARE (gABC, power law) (all_matches)	0.051	STARE (gABC, power law) (all_matches) (0.051)
all_matches	-0.980119888906592	all_matches	4400	1314	26233	0.167727671253764	0.0500895818244196	0.298636363636364	SCENT	17.1325093225355	16.6566908284483	17.6219201466748	0.0143705708773183	0	SCENT (FDR)	#a5a083	SCENT (FDR) (all_matches)	0.05	SCENT (FDR) (all_matches) (0.05)
