Biosample	threshold	GTExTissue	nVariantGenePairsOverlappingEnhancers	nVariantsOverlappingEnhancersCorrectGene	total.variants	recall.total	recall.linking	correctGene.ifOverlap	method	enrichment	CI_enr_low	CI_enr_high	SE_log_enr	p_adjust_enr	pred_name_long	hex	key	recall.linking.rounded	plotting_label
PBMC_17_B	0.672779296948023	B_memory	7	6	64	0.109375	0.09375	0.857142857142857	scE2G_multiome	38.2426960472726	19.0192894678411	76.8958169250733	0.356383533178459	3.70182254463767e-06	scE2G (Multiome)	#792374	scE2G (Multiome) (PBMC_17_B)	0.094	scE2G (Multiome) (PBMC_17_B) (0.094)
PBMC_17_B	0.0612620408163265	B_memory	7	6	64	0.109375	0.09375	0.857142857142857	scABC	20.3634733991877	9.51247091992328	43.5923591641076	0.388343416595973	0.00466976829817619	ABC (A=scATAC, C=power law)	#0096a0	ABC (A=scATAC, C=power law) (PBMC_17_B)	0.094	ABC (A=scATAC, C=power law) (PBMC_17_B) (0.094)
PBMC_17_B	-7568.26530612245	B_memory	7	6	64	0.109375	0.09375	0.857142857142857	ABC_distanceToTSS	18.7305494860279	8.74970679740298	40.0965989114826	0.388341657450887	0.00830074982024807	In element (ABC) & distance to TSS	#96a0b3	In element (ABC) & distance to TSS (PBMC_17_B)	0.094	In element (ABC) & distance to TSS (PBMC_17_B) (0.094)
PBMC_17_B	0.0504715499591837	B_memory	9	6	64	0.140625	0.09375	0.666666666666667	STARE	18.1167627189057	9.48154532987056	34.6164132527131	0.330358271581289	5.02252474544946e-05	STARE (gABC, power law)	#96ced3	STARE (gABC, power law) (PBMC_17_B)	0.094	STARE (gABC, power law) (PBMC_17_B) (0.094)
