Biosample	threshold	GTExTissue	nVariantGenePairsOverlappingEnhancers	nVariantsOverlappingEnhancersCorrectGene	total.variants	recall.total	recall.linking	correctGene.ifOverlap	method	enrichment	CI_enr_low	CI_enr_high	SE_log_enr	p_adjust_enr	pred_name_long	hex	key	recall.linking.rounded	plotting_label
BMMC22_ID2_hi_myeloid_prog	0.856984987073085	neutrophil	33	29	942	0.035031847133758	0.0307855626326964	0.878787878787879	scE2G_multiome	44.6384551783519	31.7614660593457	62.736136832809	0.17364702518352	1.255464147525e-37	scE2G (Multiome)	#792374	scE2G (Multiome) (BMMC22_ID2_hi_myeloid_prog)	0.031	scE2G (Multiome) (BMMC22_ID2_hi_myeloid_prog) (0.031)
BMMC22_ID2_hi_myeloid_prog	-560	neutrophil	30	29	942	0.0318471337579618	0.0307855626326964	0.966666666666667	ABC_distanceToTSS	35.3635353872039	24.873633487725	50.2773201872247	0.179530272927462	4.50692641553438e-32	In element (ABC) & distance to TSS	#96a0b3	In element (ABC) & distance to TSS (BMMC22_ID2_hi_myeloid_prog)	0.031	In element (ABC) & distance to TSS (BMMC22_ID2_hi_myeloid_prog) (0.031)
BMMC22_ID2_hi_myeloid_prog	0.907452923673529	neutrophil	31	28	942	0.0329087048832272	0.029723991507431	0.903225806451613	scE2G_ATAC	29.8404557084542	20.9895489704925	42.4236270221925	0.17951370736987	7.4656378818609e-30	scE2G (scATAC)	#006479	scE2G (scATAC) (BMMC22_ID2_hi_myeloid_prog)	0.03	scE2G (scATAC) (BMMC22_ID2_hi_myeloid_prog) (0.03)
BMMC22_G_M_prog	0.983838687252768	neutrophil	31	29	942	0.0329087048832272	0.0307855626326964	0.935483870967742	scE2G_multiome	29.0171811688911	20.5319219443246	41.0091566328496	0.176486541769028	1.47651035831896e-30	scE2G (Multiome)	#792374	scE2G (Multiome) (BMMC22_G_M_prog)	0.031	scE2G (Multiome) (BMMC22_G_M_prog) (0.031)
BMMC22_G_M_prog	-220.5	neutrophil	30	27	942	0.0318471337579618	0.0286624203821656	0.9	ABC_distanceToTSS	26.2484184876837	18.4633272529767	37.3161057952596	0.179502933652504	3.48194936770379e-28	In element (ABC) & distance to TSS	#96a0b3	In element (ABC) & distance to TSS (BMMC22_G_M_prog)	0.029	In element (ABC) & distance to TSS (BMMC22_G_M_prog) (0.029)
BMMC22_G_M_prog	0.988104406346007	neutrophil	31	29	942	0.0329087048832272	0.0307855626326964	0.935483870967742	scE2G_ATAC	23.2329214389537	16.4396473901109	32.8333464690541	0.176469752488073	1.41817417715668e-27	scE2G (scATAC)	#006479	scE2G (scATAC) (BMMC22_G_M_prog)	0.031	scE2G (scATAC) (BMMC22_G_M_prog) (0.031)
