Biosample	threshold	GTExTissue	nVariantGenePairsOverlappingEnhancers	nVariantsOverlappingEnhancersCorrectGene	total.variants	recall.total	recall.linking	correctGene.ifOverlap	method	enrichment	CI_enr_low	CI_enr_high	SE_log_enr	p_adjust_enr	pred_name_long	hex	key	recall.linking.rounded	plotting_label
PBMC_17_B	0.230081573770492	B_memory	4	3	64	0.0625	0.046875	0.75	scABC	25.9077443252274	10.0351985923105	66.8856933768772	0.48390846371152	0.119703438426213	ABC (A=scATAC, C=power law)	#0096a0	ABC (A=scATAC, C=power law) (PBMC_17_B)	0.047	ABC (A=scATAC, C=power law) (PBMC_17_B) (0.047)
PBMC_17_B	0.714154155894237	B_memory	4	3	64	0.0625	0.046875	0.75	scE2G_multiome	23.5557223155716	9.12422592171679	60.813055109437	0.483904662969861	0.190382388700299	scE2G (Multiome)	#792374	scE2G (Multiome) (PBMC_17_B)	0.047	scE2G (Multiome) (PBMC_17_B) (0.047)
PBMC_17_B	-0.860839222346142	B_memory	11	3	64	0.171875	0.046875	0.272727272727273	SCENT	22.1648011057601	12.5534669888551	39.1348787147056	0.290060744878589	8.04309072469943e-08	SCENT (FDR)	#a5a083	SCENT (FDR) (PBMC_17_B)	0.047	SCENT (FDR) (PBMC_17_B) (0.047)
PBMC_17_B	-4339.60204081633	B_memory	4	3	64	0.0625	0.046875	0.75	ABC_distanceToTSS	18.6400909952824	7.22028588489692	48.1217777040097	0.483896719572794	0.598891279613881	In element (ABC) & distance to TSS	#96a0b3	In element (ABC) & distance to TSS (PBMC_17_B)	0.047	In element (ABC) & distance to TSS (PBMC_17_B) (0.047)
PBMC_17_B	0.746388145959182	B_memory	4	3	64	0.0625	0.046875	0.75	scE2G_ATAC	17.2251957065184	6.67225255467606	44.468845370657	0.48389443317775	0.876790727345726	scE2G (scATAC)	#006479	scE2G (scATAC) (PBMC_17_B)	0.047	scE2G (scATAC) (PBMC_17_B) (0.047)
PBMC_17_B	0.183612790920955	B_memory	3	3	64	0.046875	0.046875	1	STARE	13.5045474195265	4.47566545870731	40.7476391363069	0.5634651640535	1	STARE (gABC, power law)	#96ced3	STARE (gABC, power law) (PBMC_17_B)	0.047	STARE (gABC, power law) (PBMC_17_B) (0.047)
