Biosample	threshold	GTExTissue	nVariantGenePairsOverlappingEnhancers	nVariantsOverlappingEnhancersCorrectGene	total.variants	recall.total	recall.linking	correctGene.ifOverlap	method	enrichment	CI_enr_low	CI_enr_high	SE_log_enr	p_adjust_enr	pred_name_long	hex	key	recall.linking.rounded	plotting_label
BMMC22_ID2_hi_myeloid_prog	0.672779296948023	neutrophil	54	47	942	0.0573248407643312	0.0498938428874735	0.87037037037037	scE2G_multiome	49.1229684745637	37.5243564106778	64.306660062165	0.137419100976838	3.40372583354519e-62	scE2G (Multiome)	#792374	scE2G (Multiome) (BMMC22_ID2_hi_myeloid_prog)	0.05	scE2G (Multiome) (BMMC22_ID2_hi_myeloid_prog) (0.05)
BMMC22_ID2_hi_myeloid_prog	0.774345884644408	neutrophil	58	46	942	0.0615711252653928	0.0488322717622081	0.793103448275862	scE2G_ATAC	40.4745676945233	31.3333794493009	52.2826027339065	0.130609467998634	4.63995610510383e-64	scE2G (scATAC)	#006479	scE2G (scATAC) (BMMC22_ID2_hi_myeloid_prog)	0.049	scE2G (scATAC) (BMMC22_ID2_hi_myeloid_prog) (0.049)
BMMC22_ID2_hi_myeloid_prog	0.230081573770492	neutrophil	56	48	942	0.059447983014862	0.0509554140127389	0.857142857142857	scABC	39.8720974306358	30.6283065074173	51.9057151636221	0.134569889141774	4.3458879766676e-60	ABC (A=scATAC, C=power law)	#0096a0	ABC (A=scATAC, C=power law) (BMMC22_ID2_hi_myeloid_prog)	0.051	ABC (A=scATAC, C=power law) (BMMC22_ID2_hi_myeloid_prog) (0.051)
BMMC22_ID2_hi_myeloid_prog	-1823.18367346939	neutrophil	55	48	942	0.0583864118895966	0.0509554140127389	0.872727272727273	ABC_distanceToTSS	31.859571643624	24.5392048051138	41.363699980355	0.133199296907586	3.58949215680147e-56	In element (ABC) & distance to TSS	#96a0b3	In element (ABC) & distance to TSS (BMMC22_ID2_hi_myeloid_prog)	0.051	In element (ABC) & distance to TSS (BMMC22_ID2_hi_myeloid_prog) (0.051)
BMMC22_G_M_prog	0.95900700934369	neutrophil	48	45	942	0.0509554140127389	0.0477707006369427	0.9375	scE2G_multiome	28.2085483902963	21.4232305843148	37.1429602625052	0.140384820338094	4.0894796071841e-48	scE2G (Multiome)	#792374	scE2G (Multiome) (BMMC22_G_M_prog)	0.048	scE2G (Multiome) (BMMC22_G_M_prog) (0.048)
BMMC22_G_M_prog	0.969920591451524	neutrophil	55	49	942	0.0583864118895966	0.0520169851380043	0.890909090909091	scE2G_ATAC	25.3356501604399	19.4628917470141	32.9804623791672	0.134544735496132	5.8218636669141e-50	scE2G (scATAC)	#006479	scE2G (scATAC) (BMMC22_G_M_prog)	0.052	scE2G (scATAC) (BMMC22_G_M_prog) (0.052)
