Biosample	threshold	GTExTissue	nVariantGenePairsOverlappingEnhancers	nVariantsOverlappingEnhancersCorrectGene	total.variants	recall.total	recall.linking	correctGene.ifOverlap	method	enrichment	CI_enr_low	CI_enr_high	SE_log_enr	p_adjust_enr	pred_name_long	hex	key	recall.linking.rounded	plotting_label
PBMC_13_CD16.Mono	0.972463161985536	monocyte_CD16_pos	17	13	448	0.0379464285714286	0.0290178571428571	0.764705882352941	scE2G_multiome	34.6690973117658	21.4271247491909	56.0946147689775	0.245510170347969	5.80136720784688e-16	scE2G (Multiome)	#792374	scE2G (Multiome) (PBMC_13_CD16.Mono)	0.029	scE2G (Multiome) (PBMC_13_CD16.Mono) (0.029)
BMMC22_CD16_pos_Mono	0.990722195960748	monocyte_CD16_pos	17	14	448	0.0379464285714286	0.03125	0.823529411764706	scE2G_ATAC	34.4406043700218	21.6059697414421	54.8994210196091	0.237895480810106	4.70780082063108e-17	scE2G (scATAC)	#006479	scE2G (scATAC) (BMMC22_CD16_pos_Mono)	0.031	scE2G (scATAC) (BMMC22_CD16_pos_Mono) (0.031)
PBMC_13_CD16.Mono	-281.663265306122	monocyte_CD16_pos	15	13	448	0.0334821428571429	0.0290178571428571	0.866666666666667	ABC_distanceToTSS	26.9809821725169	16.1116148248999	45.1831431489175	0.263061887014322	4.41462528409722e-12	In element (ABC) & distance to TSS	#96a0b3	In element (ABC) & distance to TSS (PBMC_13_CD16.Mono)	0.029	In element (ABC) & distance to TSS (PBMC_13_CD16.Mono) (0.029)
PBMC_13_CD16.Mono	-0.602397778131835	monocyte_CD16_pos	71	14	448	0.158482142857143	0.03125	0.197183098591549	SCENT	20.336296058696	16.3122452329208	25.3530358011228	0.112497580250998	1.31338178823187e-60	SCENT (FDR)	#a5a083	SCENT (FDR) (PBMC_13_CD16.Mono)	0.031	SCENT (FDR) (PBMC_13_CD16.Mono) (0.031)
PBMC_13_CD16.Mono	0.326422557509788	monocyte_CD16_pos	16	13	448	0.0357142857142857	0.0290178571428571	0.8125	STARE	15.6355369372992	9.50762975987165	25.713034845916	0.253806563470601	5.74597575443393e-10	STARE (gABC, power law)	#96ced3	STARE (gABC, power law) (PBMC_13_CD16.Mono)	0.029	STARE (gABC, power law) (PBMC_13_CD16.Mono) (0.029)
