Biosample	threshold	GTExTissue	nVariantGenePairsOverlappingEnhancers	nVariantsOverlappingEnhancersCorrectGene	total.variants	recall.total	recall.linking	correctGene.ifOverlap	method	enrichment	CI_enr_low	CI_enr_high	SE_log_enr	p_adjust_enr	pred_name_long	hex	key	recall.linking.rounded	plotting_label
all_matches	0.979013493373621	all_matches	2284	1928	67287	0.033944149687161	0.0286533802963425	0.844133099824869	scE2G_multiome	27.7345489366184	26.6256114307911	28.8896728894697	0.020819414064182	0	scE2G (Multiome)	#792374	scE2G (Multiome) (all_matches)	0.029	scE2G (Multiome) (all_matches) (0.029)
all_matches	-354.5	all_matches	2462	2125	67287	0.0365895343825702	0.031581137515419	0.863119415109667	ABC_distanceToTSS	23.446752477802	22.5434617305077	24.3862370529964	0.0200447151326593	0	In element (ABC) & distance to TSS	#96a0b3	In element (ABC) & distance to TSS (all_matches)	0.032	In element (ABC) & distance to TSS (all_matches) (0.032)
all_matches	0.982150662114368	all_matches	2531	2125	67287	0.0376149924948356	0.031581137515419	0.839589095219281	scE2G_ATAC	23.2481478654064	22.362983099147	24.1683489530703	0.0198056779460528	0	scE2G (scATAC)	#006479	scE2G (scATAC) (all_matches)	0.032	scE2G (scATAC) (all_matches) (0.032)
all_matches	0.530049972448979	all_matches	918	780	26233	0.0349940914115808	0.0297335417222582	0.849673202614379	STARE	21.9118166132367	20.5439219868492	23.3707910105704	0.0328888352357742	0	STARE (gABC, power law)	#96ced3	STARE (gABC, power law) (all_matches)	0.03	STARE (gABC, power law) (all_matches) (0.03)
all_matches	-0.728477376129384	all_matches	4047	788	26233	0.154271337628178	0.0300385011245378	0.194712132443786	SCENT	17.4200550965092	16.9123289260019	17.94302374872	0.0150917344796275	0	SCENT (FDR)	#a5a083	SCENT (FDR) (all_matches)	0.03	SCENT (FDR) (all_matches) (0.03)
