Biosample	threshold	GTExTissue	nVariantGenePairsOverlappingEnhancers	nVariantsOverlappingEnhancersCorrectGene	total.variants	recall.total	recall.linking	correctGene.ifOverlap	method	enrichment	CI_enr_low	CI_enr_high	SE_log_enr	p_adjust_enr	pred_name_long	hex	key	recall.linking.rounded	plotting_label
PBMC5_NK	0.652988409915839	NK	80	70	699	0.11444921316166	0.100143061516452	0.875	scE2G_multiome	39.1108714916173	31.6911757689327	48.2677032870881	0.107329623424869	1.21487409260456e-90	scE2G (Multiome)	#792374	scE2G (Multiome) (PBMC5_NK)	0.1	scE2G (Multiome) (PBMC5_NK) (0.1)
PBMC5_NK	0.733725158925093	NK	83	70	699	0.118741058655222	0.100143061516452	0.843373493975904	scE2G_ATAC	35.0106139345608	28.5381277351991	42.9510688104119	0.104292866570578	1.10881373635502e-91	scE2G (scATAC)	#006479	scE2G (scATAC) (PBMC5_NK)	0.1	scE2G (scATAC) (PBMC5_NK) (0.1)
PBMC5_NK	0.0986	NK	77	68	699	0.110157367668097	0.0972818311874106	0.883116883116883	scABC	33.7614425096131	27.2270012598582	41.8641402867384	0.109752130443286	2.60741947698383e-82	ABC (A=scATAC, C=power law)	#0096a0	ABC (A=scATAC, C=power law) (PBMC5_NK)	0.097	ABC (A=scATAC, C=power law) (PBMC5_NK) (0.097)
PBMC5_NK	0.122395709042618	NK	85	69	699	0.121602288984263	0.0987124463519313	0.811764705882353	STARE	29.3094061337506	23.8566221417713	36.0085045908077	0.105025734071306	1.98986335928585e-84	STARE (gABC, power law)	#96ced3	STARE (gABC, power law) (PBMC5_NK)	0.099	STARE (gABC, power law) (PBMC5_NK) (0.099)
PBMC5_NK	-0.986170151170083	NK	129	69	699	0.184549356223176	0.0987124463519313	0.534883720930233	SCENT	27.7475995753736	23.6278909300379	32.5856118294701	0.0820022728110421	1.93254062503619e-128	SCENT (FDR)	#a5a083	SCENT (FDR) (PBMC5_NK)	0.099	SCENT (FDR) (PBMC5_NK) (0.099)
PBMC5_NK	-7543	NK	79	70	699	0.113018597997139	0.100143061516452	0.886075949367089	ABC_distanceToTSS	24.1905135502237	19.5713977132611	29.8998034988094	0.108109820306582	7.98050952690464e-74	In element (ABC (A=scATAC)) & distance to TSS	#96a0b3	In element (ABC (A=scATAC)) & distance to TSS (PBMC5_NK)	0.1	In element (ABC (A=scATAC)) & distance to TSS (PBMC5_NK) (0.1)
PBMC5_NK	0.0302153563924904	NK	194	70	699	0.277539341917024	0.100143061516452	0.360824742268041	Kendall	10.4022609063044	9.19940349436469	11.7623965542019	0.0626973423710118	5.13721776244009e-124	Kendall correlation (access. at E x expr. at G)	#d3a9ce	Kendall correlation (access. at E x expr. at G) (PBMC5_NK)	0.1	Kendall correlation (access. at E x expr. at G) (PBMC5_NK) (0.1)
