Biosample	threshold	GTExTissue	nVariantGenePairsOverlappingEnhancers	nVariantsOverlappingEnhancersCorrectGene	total.variants	recall.total	recall.linking	correctGene.ifOverlap	method	enrichment	CI_enr_low	CI_enr_high	SE_log_enr	p_adjust_enr	pred_name_long	hex	key	recall.linking.rounded	plotting_label
BMMC22_G_M_prog	-219.214285714286	neutrophil	30	27	939	0.0319488817891374	0.0287539936102236	0.9	ABC_distanceToTSS	26.5374474239649	18.666736610048	37.7267934128679	0.179500082439193	2.4321409383663e-28	In element (ABC (A=scATAC)) & distance to TSS	#96a0b3	In element (ABC (A=scATAC)) & distance to TSS (BMMC22_G_M_prog)	0.029	In element (ABC (A=scATAC)) & distance to TSS (BMMC22_G_M_prog) (0.029)
BMMC22_G_M_prog	0.979526298993274	neutrophil	32	30	939	0.0340788072417465	0.0319488817891374	0.9375	scE2G_multiome	25.8806824122414	18.4168464474824	36.3694036345112	0.173590446945472	4.72565368889337e-30	scE2G (Multiome)	#792374	scE2G (Multiome) (BMMC22_G_M_prog)	0.032	scE2G (Multiome) (BMMC22_G_M_prog) (0.032)
BMMC22_G_M_prog	0.988239247107177	neutrophil	31	29	939	0.033013844515442	0.0308839190628328	0.935483870967742	scE2G_ATAC	23.7822713108955	16.8284398146641	33.6095582795613	0.176467578819209	6.70130627063427e-28	scE2G (scATAC)	#006479	scE2G (scATAC) (BMMC22_G_M_prog)	0.031	scE2G (scATAC) (BMMC22_G_M_prog) (0.031)
BMMC22_G_M_prog	0.0691926289672552	neutrophil	263	28	939	0.280085197018104	0.0298189563365282	0.106463878326996	Kendall	10.3614467770926	9.30823777166991	11.5338243336754	0.0546908454641255	3.83637858118266e-162	Kendall correlation (access. at E x expr. at G)	#d3a9ce	Kendall correlation (access. at E x expr. at G) (BMMC22_G_M_prog)	0.03	Kendall correlation (access. at E x expr. at G) (BMMC22_G_M_prog) (0.03)
