Biosample	threshold	GTExTissue	nVariantGenePairsOverlappingEnhancers	nVariantsOverlappingEnhancersCorrectGene	total.variants	recall.total	recall.linking	correctGene.ifOverlap	method	enrichment	CI_enr_low	CI_enr_high	SE_log_enr	p_adjust_enr	pred_name_long	hex	key	recall.linking.rounded	plotting_label
PBMC_17_B	0.231370180327869	B_memory	4	3	64	0.0625	0.046875	0.75	scABC	26.0473264143607	10.0892603589568	67.246080406077	0.483908689268703	0.113072587057681	ABC (A=scATAC, C=power law)	#0096a0	ABC (A=scATAC, C=power law) (PBMC_17_B)	0.047	ABC (A=scATAC, C=power law) (PBMC_17_B) (0.047)
PBMC_17_B	0.714237926349262	B_memory	4	3	64	0.0625	0.046875	0.75	scE2G_multiome	23.0357497376556	8.92283107300469	59.4705605916185	0.483903822722011	0.205807151476573	scE2G (Multiome)	#792374	scE2G (Multiome) (PBMC_17_B)	0.047	scE2G (Multiome) (PBMC_17_B) (0.047)
PBMC_17_B	-4411.57142857143	B_memory	4	3	64	0.0625	0.046875	0.75	ABC_distanceToTSS	18.5880205740833	7.20011746438788	47.9873433414767	0.48389663542978	0.588659700789086	In element (ABC (A=scATAC)) & distance to TSS	#96a0b3	In element (ABC (A=scATAC)) & distance to TSS (PBMC_17_B)	0.047	In element (ABC (A=scATAC)) & distance to TSS (PBMC_17_B) (0.047)
PBMC_17_B	0.752263267517014	B_memory	4	3	64	0.0625	0.046875	0.75	scE2G_ATAC	17.6915400941245	6.85288290776548	45.6728350848288	0.483895186765316	0.747428048010839	scE2G (scATAC)	#006479	scE2G (scATAC) (PBMC_17_B)	0.047	scE2G (scATAC) (PBMC_17_B) (0.047)
PBMC_17_B	0.022246920879132	B_memory	11	3	64	0.171875	0.046875	0.272727272727273	Kendall	5.87270134826277	3.32618749074458	10.3688145126681	0.290050214014168	0.200804112858198	Kendall correlation (access. at E x expr. at G)	#d3a9ce	Kendall correlation (access. at E x expr. at G) (PBMC_17_B)	0.047	Kendall correlation (access. at E x expr. at G) (PBMC_17_B) (0.047)
