Biosample	threshold	GTExTissue	nVariantGenePairsOverlappingEnhancers	nVariantsOverlappingEnhancersCorrectGene	total.variants	recall.total	recall.linking	correctGene.ifOverlap	method	enrichment	CI_enr_low	CI_enr_high	SE_log_enr	p_adjust_enr	pred_name_long	hex	key	recall.linking.rounded	plotting_label
all_matches	0.897899107410501	all_matches	3773	3224	62517	0.0603515843690516	0.0515699729673529	0.854492446329181	scE2G_multiome	26.5245580313141	25.703764046834	27.3715622923798	0.0160378354508698	0	scE2G (Multiome)	#792374	scE2G (Multiome) (all_matches)	0.052	scE2G (Multiome) (all_matches) (0.052)
all_matches	0.939391670875471	all_matches	3688	3139	62517	0.0589919541884607	0.050210342786762	0.851138828633406	scE2G_ATAC	23.6633976187795	22.9226076270171	24.428127723326	0.0162277440361491	0	scE2G (scATAC)	#006479	scE2G (scATAC) (all_matches)	0.05	scE2G (scATAC) (all_matches) (0.05)
all_matches	-969.5	all_matches	3598	3140	62517	0.0575523457619528	0.0502263384359454	0.872707059477488	ABC_distanceToTSS	23.5595177322628	22.8145349739349	24.3288270574411	0.0163942079334547	0	In element (ABC (A=scATAC)) & distance to TSS	#96a0b3	In element (ABC (A=scATAC)) & distance to TSS (all_matches)	0.05	In element (ABC (A=scATAC)) & distance to TSS (all_matches) (0.05)
all_matches	0.387779591836735	all_matches	3558	3127	62517	0.0569125197946159	0.0500183949965609	0.878864530635188	scABC	23.0040205345045	22.2725619939841	23.759501080066	0.0164867771626077	0	ABC (A=scATAC, C=power law)	#0096a0	ABC (A=scATAC, C=power law) (all_matches)	0.05	ABC (A=scATAC, C=power law) (all_matches) (0.05)
all_matches	0.0356203408975492	all_matches	13627	3133	62517	0.217972711422493	0.0501143688916615	0.229911205694577	Kendall	7.88665007246322	7.766419970477	8.00874142808736	0.00783797966525702	0	Kendall correlation (access. at E x expr. at G)	#d3a9ce	Kendall correlation (access. at E x expr. at G) (all_matches)	0.05	Kendall correlation (access. at E x expr. at G) (all_matches) (0.05)
