Biosample	threshold	GTExTissue	nVariantGenePairsOverlappingEnhancers	nVariantsOverlappingEnhancersCorrectGene	total.variants	recall.total	recall.linking	correctGene.ifOverlap	method	enrichment	CI_enr_low	CI_enr_high	SE_log_enr	p_adjust_enr	pred_name_long	hex	key	recall.linking.rounded	plotting_label
PBMC_13_CD16.Mono	0.97903764568596	monocyte_CD16_pos	16	13	446	0.0358744394618834	0.0291479820627803	0.8125	scE2G_multiome	41.2577841626122	25.4988528948861	66.7561306002937	0.245517947833533	3.12917153968239e-17	scE2G (Multiome)	#792374	scE2G (Multiome) (PBMC_13_CD16.Mono)	0.029	scE2G (Multiome) (PBMC_13_CD16.Mono) (0.029)
BMMC22_CD16_pos_Mono	0.987765442990371	monocyte_CD16_pos	14	13	446	0.031390134529148	0.0291479820627803	0.928571428571429	scE2G_multiome	35.5229521640091	21.2117022147064	59.4898098075127	0.263079327383771	7.6808039650055e-14	scE2G (Multiome)	#792374	scE2G (Multiome) (BMMC22_CD16_pos_Mono)	0.029	scE2G (Multiome) (BMMC22_CD16_pos_Mono) (0.029)
BMMC22_CD16_pos_Mono	0.990847877743486	monocyte_CD16_pos	17	14	446	0.0381165919282511	0.031390134529148	0.823529411764706	scE2G_ATAC	35.0968352931557	22.0180533561129	55.9444482976022	0.237886126253362	3.27581317433167e-17	scE2G (scATAC)	#006479	scE2G (scATAC) (BMMC22_CD16_pos_Mono)	0.031	scE2G (scATAC) (BMMC22_CD16_pos_Mono) (0.031)
PBMC_13_CD16.Mono	-276.857142857143	monocyte_CD16_pos	15	13	446	0.0336322869955157	0.0291479820627803	0.866666666666667	ABC_distanceToTSS	27.4581123175866	16.3968050598907	45.9813926732276	0.2630533808921	3.31681510829328e-12	In element (ABC (A=scATAC)) & distance to TSS	#96a0b3	In element (ABC (A=scATAC)) & distance to TSS (PBMC_13_CD16.Mono)	0.029	In element (ABC (A=scATAC)) & distance to TSS (PBMC_13_CD16.Mono) (0.029)
PBMC_13_CD16.Mono	0.0634605905740143	monocyte_CD16_pos	116	14	446	0.260089686098655	0.031390134529148	0.120689655172414	Kendall	10.4561134655478	8.91997319739951	12.2567979056578	0.0810697989459601	1.91724447125833e-74	Kendall correlation (access. at E x expr. at G)	#d3a9ce	Kendall correlation (access. at E x expr. at G) (PBMC_13_CD16.Mono)	0.031	Kendall correlation (access. at E x expr. at G) (PBMC_13_CD16.Mono) (0.031)
