Biosample	threshold	GTExTissue	nVariantGenePairsOverlappingEnhancers	nVariantsOverlappingEnhancersCorrectGene	total.variants	recall.total	recall.linking	correctGene.ifOverlap	method	enrichment	CI_enr_low	CI_enr_high	SE_log_enr	p_adjust_enr	pred_name_long	hex	key	recall.linking.rounded	plotting_label
PBMC_17_B	0.673424330557876	B_memory	7	6	64	0.109375	0.09375	0.857142857142857	scE2G_multiome	37.7415719894984	18.770081815778	75.888121864292	0.356383070441515	3.98162655344569e-06	scE2G (Multiome)	#792374	scE2G (Multiome) (PBMC_17_B)	0.094	scE2G (Multiome) (PBMC_17_B) (0.094)
PBMC_17_B	0.692858851157472	B_memory	9	7	64	0.140625	0.109375	0.777777777777778	scE2G_ATAC	31.6911138911446	16.5854285566404	60.5547632508652	0.330369239293702	1.10220358460732e-06	scE2G (scATAC)	#006479	scE2G (scATAC) (PBMC_17_B)	0.109	scE2G (scATAC) (PBMC_17_B) (0.109)
PBMC_17_B	0.0612620408163265	B_memory	7	6	64	0.109375	0.09375	0.857142857142857	scABC	20.4415012426464	9.5489188058613	43.7594016190216	0.388343500655185	0.00441257223553655	ABC (A=scATAC, C=power law)	#0096a0	ABC (A=scATAC, C=power law) (PBMC_17_B)	0.094	ABC (A=scATAC, C=power law) (PBMC_17_B) (0.094)
PBMC_17_B	-7580.28571428572	B_memory	7	6	64	0.109375	0.09375	0.857142857142857	ABC_distanceToTSS	18.7642477395656	8.76544782818779	40.1687398217721	0.388341693753937	0.00795224507786955	In element (ABC (A=scATAC)) & distance to TSS	#96a0b3	In element (ABC (A=scATAC)) & distance to TSS (PBMC_17_B)	0.094	In element (ABC (A=scATAC)) & distance to TSS (PBMC_17_B) (0.094)
PBMC_17_B	-0.015266121218816	B_memory	11	6	64	0.171875	0.09375	0.545454545454545	Kendall	5.78471282621326	3.27635281344691	10.2134612439834	0.290050157140271	0.232406824779391	Kendall correlation (access. at E x expr. at G)	#d3a9ce	Kendall correlation (access. at E x expr. at G) (PBMC_17_B)	0.094	Kendall correlation (access. at E x expr. at G) (PBMC_17_B) (0.094)
