Biosample	threshold	GTExTissue	nVariantGenePairsOverlappingEnhancers	nVariantsOverlappingEnhancersCorrectGene	total.variants	recall.total	recall.linking	correctGene.ifOverlap	method	enrichment	CI_enr_low	CI_enr_high	SE_log_enr	p_adjust_enr	pred_name_long	hex	key	recall.linking.rounded	plotting_label
all_matches	0.469356351600944	all_matches	7490	6243	62517	0.119807412383832	0.0998608378521042	0.83351134846462	scE2G_multiome	23.3245787287173	22.8203990577157	23.8398974310746	0.0111496202665078	0	scE2G (Multiome)	#792374	scE2G (Multiome) (all_matches)	0.1	scE2G (Multiome) (all_matches) (0.1)
all_matches	0.0539757704918033	all_matches	7367	6188	62517	0.117839947534271	0.098981077147016	0.839961992670015	scABC	21.0324271344558	20.5731783795432	21.5019275585562	0.0112640789141035	0	ABC (A=scATAC, C=power law)	#0096a0	ABC (A=scATAC, C=power law) (all_matches)	0.099	ABC (A=scATAC, C=power law) (all_matches) (0.099)
all_matches	0.578287001328452	all_matches	7670	6279	62517	0.122686629236848	0.100436681222707	0.81864406779661	scE2G_ATAC	20.8923397002054	20.446385454366	21.3480206133731	0.0110085970790205	0	scE2G (scATAC)	#006479	scE2G (scATAC) (all_matches)	0.1	scE2G (scATAC) (all_matches) (0.1)
all_matches	-9410.5	all_matches	7571	6278	62517	0.121103059967689	0.100420685573524	0.829216748117818	ABC_distanceToTSS	17.4857918753674	17.1104865709897	17.8693292116578	0.0110701692417208	0	In element (ABC (A=scATAC)) & distance to TSS	#96a0b3	In element (ABC (A=scATAC)) & distance to TSS (all_matches)	0.1	In element (ABC (A=scATAC)) & distance to TSS (all_matches) (0.1)
all_matches	0.0165497525726118	all_matches	15388	6277	62517	0.246141049634499	0.100404689924341	0.407915258643099	Kendall	7.68974935788206	7.5812103283405	7.79984232412021	0.00725285210029176	0	Kendall correlation (access. at E x expr. at G)	#d3a9ce	Kendall correlation (access. at E x expr. at G) (all_matches)	0.1	Kendall correlation (access. at E x expr. at G) (all_matches) (0.1)
