Biosample	threshold	GTExTissue	nVariantGenePairsOverlappingEnhancers	nVariantsOverlappingEnhancersCorrectGene	total.variants	recall.total	recall.linking	correctGene.ifOverlap	method	enrichment	CI_enr_low	CI_enr_high	SE_log_enr	p_adjust_enr	pred_name_long	hex	key	recall.linking.rounded	plotting_label
BMMC22_G_M_prog	0.775458320036342	neutrophil	107	94	939	0.11395101171459	0.10010649627263	0.878504672897196	scE2G_multiome	34.1358132279174	28.4421116182886	40.9693119965815	0.0931018251042663	3.22671634619205e-114	scE2G (Multiome)	#792374	scE2G (Multiome) (BMMC22_G_M_prog)	0.1	scE2G (Multiome) (BMMC22_G_M_prog) (0.1)
BMMC22_G_M_prog	0.133648	neutrophil	113	97	939	0.120340788072417	0.103301384451544	0.858407079646018	scABC	30.4230405293114	25.3742763387928	36.4763661706128	0.0925855355682808	2.49754740024669e-110	ABC (A=scATAC, C=power law)	#0096a0	ABC (A=scATAC, C=power law) (BMMC22_G_M_prog)	0.103	ABC (A=scATAC, C=power law) (BMMC22_G_M_prog) (0.103)
BMMC22_G_M_prog	-3129.14285714286	neutrophil	103	93	939	0.109691160809372	0.0990415335463259	0.902912621359223	ABC_distanceToTSS	28.85218246321	23.990658514665	34.6988571564846	0.0941451547902287	1.00363267789537e-104	In element (ABC (A=scATAC)) & distance to TSS	#96a0b3	In element (ABC (A=scATAC)) & distance to TSS (BMMC22_G_M_prog)	0.099	In element (ABC (A=scATAC)) & distance to TSS (BMMC22_G_M_prog) (0.099)
BMMC22_G_M_prog	0.794701816360292	neutrophil	111	95	939	0.118210862619808	0.101171458998935	0.855855855855856	scE2G_ATAC	28.6050848338524	23.8580881918517	34.2965820132794	0.0925839492271387	1.25704416519328e-107	scE2G (scATAC)	#006479	scE2G (scATAC) (BMMC22_G_M_prog)	0.101	scE2G (scATAC) (BMMC22_G_M_prog) (0.101)
BMMC22_G_M_prog	0.0331282077708601	neutrophil	320	94	939	0.340788072417465	0.10010649627263	0.29375	Kendall	9.89222865423811	9.00346768170431	10.8687220532351	0.0480313230783564	5.33249781403133e-193	Kendall correlation (access. at E x expr. at G)	#d3a9ce	Kendall correlation (access. at E x expr. at G) (BMMC22_G_M_prog)	0.1	Kendall correlation (access. at E x expr. at G) (BMMC22_G_M_prog) (0.1)
