Biosample	threshold	GTExTissue	nVariantGenePairsOverlappingEnhancers	nVariantsOverlappingEnhancersCorrectGene	total.variants	recall.total	recall.linking	correctGene.ifOverlap	method	enrichment	CI_enr_low	CI_enr_high	SE_log_enr	p_adjust_enr	pred_name_long	hex	key	recall.linking.rounded	plotting_label
all_matches	0.97903764568596	all_matches	2202	1883	62517	0.0352224195018955	0.0301198074123838	0.855131698455949	scE2G_multiome	27.9527128363573	26.8179446233113	29.1354973651735	0.0211447846005859	0	scE2G (Multiome)	#792374	scE2G (Multiome) (all_matches)	0.03	scE2G (Multiome) (all_matches) (0.03)
all_matches	-351	all_matches	2317	2004	62517	0.037061919157989	0.0320552809635779	0.864911523521796	ABC_distanceToTSS	23.4272873733105	22.4981143498006	24.394835279897	0.0206483238092727	0	In element (ABC (A=scATAC)) & distance to TSS	#96a0b3	In element (ABC (A=scATAC)) & distance to TSS (all_matches)	0.032	In element (ABC (A=scATAC)) & distance to TSS (all_matches) (0.032)
all_matches	0.983053776636168	all_matches	2361	1998	62517	0.0377657277220596	0.0319593070684774	0.846251588310038	scE2G_ATAC	23.3579467794906	22.4411927806346	24.3121514567768	0.0204284498287757	0	scE2G (scATAC)	#006479	scE2G (scATAC) (all_matches)	0.032	scE2G (scATAC) (all_matches) (0.032)
all_matches	0.0472070852992695	all_matches	11490	1999	62517	0.18379000911752	0.0319753027176608	0.173977371627502	Kendall	7.89645299810581	7.76268194848261	8.03252926824894	0.00871739725737362	0	Kendall correlation (access. at E x expr. at G)	#d3a9ce	Kendall correlation (access. at E x expr. at G) (all_matches)	0.032	Kendall correlation (access. at E x expr. at G) (all_matches) (0.032)
