sample_type	n_reps	mean_enhancers	sd_enhancers	CI_high	CI_low
L3_from_L1_total	20	475502.4	41142.3502749584	556141.406538919	394863.393461082
L3_from_L2_total	20	810052.5	37919.6909207646	884375.094204699	735729.905795302
L3_real_total	20	837899.75	29703.4814809999	896118.57370276	779680.92629724
