method	pred_name_long	hex	nVariantsTotal	nVariantsOverlappingEnhancers	nCommonVariantsTotal	nCommonVariantsOverlappingEnhancers	recall	enrichment	SE_log_enr	CI_enr_low	CI_enr_high	p_enr	p_adjust_enr	recall_adjust	SE_recall	CI_recall_low	CI_recall_high
ABC_distanceToTSS	In element (ABC) & distance to TSS	#96a0b3	6017	1107	9746610	440730	0.183978726940336	4.06863363007725	0.0271526099714237	3.85776919645721	4.29102384637157	0	0	0.184188672977911	0.00499565008797181	0.174187432688547	0.193770021192125
scABC	ABC (A=scATAC, C=power law)	#0096a0	6017	812	9746610	256927	0.134950972245305	5.11940938708587	0.0326432030769637	4.80213003100267	5.45765156365637	1.11353089483496e-308	1.11353089483496e-308	0.135193489453579	0.00440659411860407	0.126314206478355	0.143587738012255
scE2G_ATAC	scE2G (scATAC)	#006479	6017	1173	9746610	411210	0.194947648329732	4.62070158480352	0.0262000226649419	4.38941276194842	4.86417757766947	0	0	0.195150307257931	0.00510749202747039	0.184937147904565	0.2049581487549
scE2G_multiome	scE2G (Multiome)	#792374	6017	969	9746610	280591	0.161043709489779	5.59401488055631	0.0294278723530003	5.28049416352261	5.92615037813239	0	0	0.161268892210596	0.00473971647286097	0.15175403590604	0.170333383073518
